{
  "dtd": {
    "sym_0.750": {
      "accuracy": 0.6343085106382979,
      "precision": 0.7339901477832512,
      "recall": 0.4027027027027027,
      "f1": 0.5200698080279232,
      "specificity": 0.8586387434554974,
      "num_seeds": 1
    },
    "sym_0.500": {
      "accuracy": 0.6715425531914894,
      "precision": 0.9259259259259259,
      "recall": 0.5952380952380952,
      "f1": 0.7246376811594204,
      "specificity": 0.8737864077669902,
      "num_seeds": 1
    },
    "asym_0.375": {
      "accuracy": 0.7460106382978723,
      "precision": 0.9195402298850575,
      "recall": 0.7194244604316546,
      "f1": 0.8072653884964681,
      "specificity": 0.8214285714285714,
      "num_seeds": 1
    },
    "asym_0.750": {
      "accuracy": 0.5625,
      "precision": 0.4,
      "recall": 0.46441947565543074,
      "f1": 0.4298093587521664,
      "specificity": 0.6164948453608248,
      "num_seeds": 1
    },
    "sym_0.125": {
      "accuracy": 0.8976063829787234,
      "precision": 0.9824868651488616,
      "recall": 0.893312101910828,
      "f1": 0.9357798165137614,
      "specificity": 0.9193548387096774,
      "num_seeds": 1
    },
    "sym_0.375": {
      "accuracy": 0.7513297872340425,
      "precision": 0.9663461538461539,
      "recall": 0.6991304347826087,
      "f1": 0.8113017154389505,
      "specificity": 0.9209039548022598,
      "num_seeds": 1
    },
    "asym_0.500": {
      "accuracy": 0.6781914893617021,
      "precision": 0.8,
      "recall": 0.6468085106382979,
      "f1": 0.715294117647059,
      "specificity": 0.7304964539007093,
      "num_seeds": 1
    },
    "sym_0.625": {
      "accuracy": 0.6409574468085106,
      "precision": 0.8477508650519031,
      "recall": 0.5201698513800425,
      "f1": 0.6447368421052632,
      "specificity": 0.8434163701067615,
      "num_seeds": 1
    },
    "asym_0.625": {
      "accuracy": 0.5851063829787234,
      "precision": 0.5384615384615384,
      "recall": 0.5575221238938053,
      "f1": 0.5478260869565217,
      "specificity": 0.6077481840193705,
      "num_seeds": 1
    },
    "asym_0.250": {
      "accuracy": 0.8138297872340425,
      "precision": 0.9575757575757575,
      "recall": 0.7993254637436762,
      "f1": 0.8713235294117646,
      "specificity": 0.8679245283018868,
      "num_seeds": 1
    },
    "sym_0.250": {
      "accuracy": 0.8204787234042553,
      "precision": 0.9855371900826446,
      "recall": 0.7884297520661157,
      "f1": 0.8760330578512396,
      "specificity": 0.9523809523809523,
      "num_seeds": 1
    },
    "asym_0.125": {
      "accuracy": 0.8882978723404256,
      "precision": 0.994661921708185,
      "recall": 0.8734375,
      "f1": 0.9301164725457571,
      "specificity": 0.9732142857142857,
      "num_seeds": 1
    }
  },
  "eurosat": {
    "sym_0.750": {
      "accuracy": 0.80625,
      "precision": 0.20833333333333334,
      "recall": 0.29411764705882354,
      "f1": 0.24390243902439027,
      "specificity": 0.8671328671328671,
      "num_seeds": 1
    },
    "sym_0.500": {
      "accuracy": 0.60625,
      "precision": 0.8875,
      "recall": 0.568,
      "f1": 0.6926829268292682,
      "specificity": 0.7428571428571429,
      "num_seeds": 1
    },
    "asym_0.375": {
      "accuracy": 0.68125,
      "precision": 0.87,
      "recall": 0.696,
      "f1": 0.7733333333333333,
      "specificity": 0.6285714285714286,
      "num_seeds": 1
    },
    "asym_0.750": {
      "accuracy": 0.31875,
      "precision": 0.04504504504504504,
      "recall": 0.625,
      "f1": 0.08403361344537814,
      "specificity": 0.3026315789473684,
      "num_seeds": 1
    },
    "sym_0.125": {
      "accuracy": 0.8875,
      "precision": 0.9918032786885246,
      "recall": 0.8768115942028986,
      "f1": 0.9307692307692308,
      "specificity": 0.9545454545454546,
      "num_seeds": 1
    },
    "sym_0.375": {
      "accuracy": 0.7125,
      "precision": 0.9270833333333334,
      "recall": 0.6953125,
      "f1": 0.7946428571428571,
      "specificity": 0.78125,
      "num_seeds": 1
    },
    "asym_0.500": {
      "accuracy": 0.59375,
      "precision": 0.5473684210526316,
      "recall": 0.7027027027027027,
      "f1": 0.6153846153846154,
      "specificity": 0.5,
      "num_seeds": 1
    },
    "sym_0.625": {
      "accuracy": 0.63125,
      "precision": 0.7619047619047619,
      "recall": 0.5217391304347826,
      "f1": 0.6193548387096773,
      "specificity": 0.7794117647058824,
      "num_seeds": 1
    },
    "asym_0.625": {
      "accuracy": 0.45,
      "precision": 0.20192307692307693,
      "recall": 0.8076923076923077,
      "f1": 0.3230769230769231,
      "specificity": 0.3805970149253731,
      "num_seeds": 1
    },
    "asym_0.250": {
      "accuracy": 0.8,
      "precision": 0.972972972972973,
      "recall": 0.7883211678832117,
      "f1": 0.8709677419354839,
      "specificity": 0.8695652173913043,
      "num_seeds": 1
    },
    "sym_0.250": {
      "accuracy": 0.8,
      "precision": 0.9821428571428571,
      "recall": 0.7857142857142857,
      "f1": 0.873015873015873,
      "specificity": 0.9,
      "num_seeds": 1
    },
    "asym_0.125": {
      "accuracy": 0.89375,
      "precision": 1.0,
      "recall": 0.8819444444444444,
      "f1": 0.9372693726937269,
      "specificity": 1.0,
      "num_seeds": 1
    }
  },
  "oxford_flowers": {
    "sym_0.750": {
      "accuracy": 0.48284313725490197,
      "precision": 0.9192708333333334,
      "recall": 0.3027444253859348,
      "f1": 0.455483870967742,
      "specificity": 0.9334763948497854,
      "num_seeds": 1
    },
    "sym_0.500": {
      "accuracy": 0.5876225490196079,
      "precision": 0.9814077025232404,
      "recall": 0.5286123032904149,
      "f1": 0.6871222687122269,
      "specificity": 0.9401709401709402,
      "num_seeds": 1
    },
    "asym_0.375": {
      "accuracy": 0.6832107843137255,
      "precision": 0.9799366420274551,
      "recall": 0.6507713884992987,
      "f1": 0.7821323219553308,
      "specificity": 0.9077669902912622,
      "num_seeds": 1
    },
    "asym_0.750": {
      "accuracy": 0.4522058823529412,
      "precision": 0.4651539708265802,
      "recall": 0.3372502937720329,
      "f1": 0.391008174386921,
      "specificity": 0.5774647887323944,
      "num_seeds": 1
    },
    "sym_0.125": {
      "accuracy": 0.8872549019607843,
      "precision": 0.9977528089887641,
      "recall": 0.8803701255783212,
      "f1": 0.9353932584269662,
      "specificity": 0.9747899159663865,
      "num_seeds": 1
    },
    "sym_0.375": {
      "accuracy": 0.6764705882352942,
      "precision": 0.9947312961011591,
      "recall": 0.643490115882754,
      "f1": 0.7814569536423841,
      "specificity": 0.9696969696969697,
      "num_seeds": 1
    },
    "asym_0.500": {
      "accuracy": 0.6029411764705882,
      "precision": 0.9666666666666667,
      "recall": 0.537833827893175,
      "f1": 0.6911344137273593,
      "specificity": 0.9119718309859155,
      "num_seeds": 1
    },
    "sym_0.625": {
      "accuracy": 0.5159313725490197,
      "precision": 0.9750445632798574,
      "recall": 0.41345427059712775,
      "f1": 0.5806794055201698,
      "specificity": 0.9546925566343042,
      "num_seeds": 1
    },
    "asym_0.625": {
      "accuracy": 0.5183823529411765,
      "precision": 0.8505564387917329,
      "recall": 0.4360228198859006,
      "f1": 0.5765086206896551,
      "specificity": 0.7679012345679013,
      "num_seeds": 1
    },
    "asym_0.250": {
      "accuracy": 0.7806372549019608,
      "precision": 0.9991204925241864,
      "recall": 0.7608841259209645,
      "f1": 0.8638783269961977,
      "specificity": 0.9928057553956835,
      "num_seeds": 1
    },
    "sym_0.250": {
      "accuracy": 0.7867647058823529,
      "precision": 0.9963735267452403,
      "recall": 0.7616077616077616,
      "f1": 0.8633150039277296,
      "specificity": 0.9788359788359788,
      "num_seeds": 1
    },
    "asym_0.125": {
      "accuracy": 0.8933823529411765,
      "precision": 1.0,